1,1,1.png,30F-391.25,61,302,149,346
2,2,2.png,30F-526.27,49,291,168,334
3,3,3.png,30A-300.25,35,301,174,341
4,4,4.png,30A-031.25,21,305,155,347
5,5,5.png,30A-530.25,32,300,165,341
6,6,6.png,30A-502.23,29,309,165,352
7,7,7.png,30A-502.25,11,319,150,360
8,8,8.png,30A-306.23,0,325,134,364
9,9,9.png,30A-415.97,1833,439,2043,523
1,1,1.png,30F-391.25,61,302,149,346
2,2,2.png,30F-526.27,49,291,168,334
3,3,3.png,30A-300.25,35,301,174,341
4,4,4.png,30A-031.25,21,305,155,347
5,5,5.png,30A-530.25,32,300,165,341
6,6,6.png,30A-502.23,29,309,165,352
7,7,7.png,30A-502.25,11,319,150,360
8,8,8.png,30A-306.23,0,325,134,364
9,9,9.png,30A-415.97,1833,439,2043,523
10,10,10.png,30A-361.24,826,423,861,490
11,11,11.png,30A-350.04,799,414,900,475
12,12,12.png,30A-300.94,809,415,969,481
13,13,13.png,30A-301.94,821,420,979,486
14,14,14.png,30A-301.14,836,432,992,489
15,15,15.png,30A-301.94,826,433,985,499
16,16,16.png,30A-301.94,840,429,997,489
17,17,17.png,30A-301.94,852,432,1009,489
18,18,18.png,30A-301.94,862,431,1021,486
19,19,19.png,30A-300.94,872,430,1031,486
20,20,20.png,30A-300.14,881,432,1041,491
21,21,21.png,30A-300.14,893,435,1054,494
22,22,22.png,30A-301.94,862,441,1026,508
23,23,23.png,30A-301.14,864,444,1028,512
24,24,24.png,30A-301.94,936,452,1100,521
25,25,25.png,30A-301.14,872,446,1037,516
26,26,26.png,30A-311.94,886,457,1048,527
27,27,27.png,30G-175.73,301,198,387,227
28,28,28.png,30A-054.94,892,459,1058,532
29,29,29.png,30F-176.77,302,201,389,228
30,30,30.png,30A-351.74,900,465,1064,536
31,31,31.png,29A-054.74,934,459,1025,535
32,32,32.png,30A-441.94,941,464,1111,537
33,33,33.png,30A-311.94,1002,480,1169,553
34,34,34.png,30G-008.13,247,214,334,240
35,35,35.png,30A-311.94,1006,481,1174,555
36,36,36.png,30G-104.53,249,224,336,255
37,37,37.png,39A-314.90,1007,485,1174,558
38,38,38.png,39A-314.90,1017,486,1184,563
39,39,39.png,30A-004.23,284,212,374,241
40,40,40.png,30A-311.40,1027,493,1195,569
41,41,41.png,30A-015.24,285,216,375,244
42,42,42.png,30A-314.80,1036,494,1205,571
43,43,43.png,30A-705.27,278,211,368,242
44,44,44.png,30A-340.90,1035,491,1205,569
45,45,45.png,30A-005.23,305,215,395,246
46,46,46.png,30A-010.94,1048,495,1214,570
47,47,47.png,30A-005.73,311,217,402,247
48,48,48.png,30A-341.94,1053,484,1173,562
49,49,49.png,30A-504.27,322,213,413,242
50,50,50.png,30F-518.27,331,220,422,250
51,51,51.png,30F-994.29,286,216,381,245
52,52,52.png,30A-118.90,1362,523,1536,608
53,53,53.png,30A-018.94,1417,524,1591,606
54,54,54.png,30A-058.94,1295,525,1438,608
55,55,55.png,30G-135.73,346,251,384,284
56,56,56.png,30F-105.13,348,263,409,297
57,57,57.png,30G-135.07,356,260,441,293
58,58,58.png,30G-105.17,367,261,461,292
59,59,59.png,30G-451.27,394,281,477,315
60,60,60.png,30G-051.97,357,316,439,349
61,61,61.png,30F-051.77,407,284,490,318
62,62,62.png,30A-451.77,380,282,461,315
63,63,63.png,30F-151.77,413,298,495,331
64,64,64.png,30F-516.95,373,335,455,368
65,65,65.png,30F-475.07,390,273,468,308
66,66,66.png,30G-411.17,428,289,498,323
67,67,67.png,30A-161.84,1409,560,1492,646
68,68,68.png,30A-101.80,1487,572,1529,667
69,69,69.png,39A-601.81,1273,570,1324,668
70,70,70.png,30A-601.80,1321,569,1356,667
71,71,71.png,30A-551.96,30,0,1168,535
72,72,72.png,30G-070.79,744,411,846,453
73,73,73.png,30A-156.76,660,405,765,443
74,74,74.png,30A-250.26,752,177,800,248
75,75,75.png,89A-155.06,687,172,757,245
76,76,76.png,89A-055.96,618,169,679,237
77,77,77.png,30A-052.66,596,167,660,236
78,78,78.png,99A-050.99,236,369,304,397
79,79,79.png,29A-059.55,238,379,294,405
80,80,80.png,51A-005.86,580,441,700,475
81,81,81.png,29A-058.19,243,375,292,401
82,82,82.png,29A-055.99,262,373,308,399
83,83,83.png,29A-055.95,270,375,310,401
84,84,84.png,29A-008.72,334,199,390,227
85,85,85.png,29F-059.95,364,214,421,244
86,86,86.png,29A-059.99,378,209,435,240
87,87,87.png,30F-659.95,357,205,414,235
88,88,88.png,29A-059.95,333,220,389,251
89,89,89.png,29A-058.12,358,199,416,229
90,90,90.png,29A-659.15,365,204,423,235
91,91,91.png,99A-659.15,374,211,435,243
92,92,92.png,30A-052.99,1054,509,1187,561
93,93,93.png,30A-056.70,889,511,1017,559
94,94,94.png,30G-406.13,435,243,534,274
95,95,95.png,29A-102.94,1093,520,1223,574
96,96,96.png,30A-006.77,439,238,537,270
97,97,97.png,30A-032.96,1060,516,1192,567
98,98,98.png,30A 0677,444,252,543,284
99,99,99.png,30A-055.26,845,512,978,564
100,100,100.png,30A 4097,443,246,543,277
101,101,101.png,30A-052.76,870,523,1001,576
102,102,102.png,30A-006.26,1477,433,1541,490
103,103,103.png,30A-006.26,1169,537,1306,587
104,104,104.png,30A-052.76,1186,536,1325,587
105,105,105.png,30A 5093,448,250,547,282
106,106,106.png,50G-156.97,442,256,541,287
107,107,107.png,30A-006.96,1080,534,1214,587
108,108,108.png,30A-005.96,1103,534,1231,585
109,109,109.png,50A-054.93,439,254,538,285
110,110,110.png,30A-005.96,1248,551,1380,605
111,111,111.png,30A-005.17,1240,561,1380,620
112,112,112.png,30A-002.96,1239,561,1378,616
113,113,113.png,30G-008.73,430,255,532,287
114,114,114.png,30G-495.93,450,256,553,288
115,115,115.png,30F-108.97,472,265,556,297
116,116,116.png,30A-055.57,1304,586,1364,658
117,117,117.png,30A-555.97,480,256,547,289
118,118,118.png,39A-055.15,468,254,534,289
119,119,119.png,30A-555.96,523,252,572,282
120,120,120.png,29A-055.95,489,278,560,317
121,121,121.png,30G-495.77,502,266,606,299
122,122,122.png,30G-108.73,480,265,585,298
123,123,123.png,29A-055.99,424,552,486,588
124,124,124.png,30A-199.77,512,258,616,295
125,125,125.png,29A-052.95,422,553,530,594
126,126,126.png,30A-006.37,508,278,613,313
127,127,127.png,29A-158.95,437,553,554,594
128,128,128.png,30A-600.77,493,270,599,303
129,129,129.png,30A-155.95,452,563,572,605
130,130,130.png,30A-205.79,0,216,66,245
131,131,131.png,30A-159.95,472,570,591,610
132,132,132.png,51A-005.89,504,259,611,293
133,133,133.png,29A 0599,461,570,582,611
134,134,134.png,51A-006.03,465,271,574,305
135,135,135.png,30A-055.85,2,215,102,234
136,136,136.png,29A-059.99,481,580,603,623
137,137,137.png,30A-075.15,1,3,95,94
138,138,138.png,29A 0599,467,585,590,625
139,139,139.png,30A-059.56,1,135,45,226
140,140,140.png,30G-026.39,536,271,642,308
141,141,141.png,29A-059.15,466,588,592,630
142,142,142.png,30A-516.49,255,250,364,287
143,143,143.png,29A-059.95,506,594,633,637
144,144,144.png,29A-059.95,541,608,668,650
145,145,145.png,29G-059.99,687,326,769,373
146,146,146.png,29G-059.99,538,611,666,653
147,147,147.png,29A-055.99,525,616,655,659
148,148,148.png,29A 0959,485,625,617,670
149,149,149.png,29A-095.99,530,623,663,668
150,150,150.png,29A 1559,532,643,668,688
151,151,151.png,59A 2999,532,655,667,701
152,152,152.png,29G-255.95,488,644,625,690
153,153,153.png,30A-552.29,730,334,818,381
154,154,154.png,30A-552.29,575,640,712,686
155,155,155.png,30A-252.99,516,643,655,691
156,156,156.png,29G-552.99,542,649,682,698
157,157,157.png,29A-052.99,604,670,743,718
158,158,158.png,51B-164.40,551,686,690,731
159,159,159.png,51B-164.40,534,687,676,730
160,160,160.png,30A-404.85,516,321,580,362
161,161,161.png,29A 0522,730,351,823,403
162,162,162.png,29A 0529,577,685,714,731
163,163,163.png,30G-404.87,518,323,635,364
164,164,164.png,30G-404.83,522,310,640,349
165,165,165.png,30G 5592,772,368,864,420
166,166,166.png,30G 5599,643,704,757,752
167,167,167.png,30G-404.83,517,313,634,352
168,168,168.png,30A-052.25,772,374,869,427
169,169,169.png,30A-052.25,676,715,761,757
170,170,170.png,59A-052.95,795,388,892,440
171,171,171.png,30G-404.86,482,317,600,357
172,172,172.png,30G-404.83,496,317,615,356
173,173,173.png,30G-406.83,508,312,626,353
174,174,174.png,30G-406.81,489,317,608,357
175,175,175.png,30G-406.81,474,320,594,362
176,176,176.png,30G-405.36,560,327,680,367
177,177,177.png,30G-400.87,562,345,684,386
178,178,178.png,30A-405.37,564,336,686,378
179,179,179.png,30A-405.85,618,338,740,380
180,180,180.png,39A 0599,732,828,805,896
181,181,181.png,30A-402.83,592,350,715,392
182,182,182.png,59A 0599,798,832,924,890
183,183,183.png,30G-405.37,521,345,645,385
184,184,184.png,29A-059.95,915,841,1085,901
185,185,185.png,30F-102.37,505,343,631,384
186,186,186.png,29A-059.95,912,855,1085,915
187,187,187.png,29A-059.95,951,875,1126,939
188,188,188.png,29A 0599,957,885,1132,951
189,189,189.png,29A 0599,959,888,1137,955
190,190,190.png,29A 1599,1018,902,1198,970
191,191,191.png,29A 0599,1038,914,1218,985
192,192,192.png,30F-411.84,294,337,426,389
193,193,193.png,29A-009.99,1149,922,1331,993
194,194,194.png,30A-114.93,315,337,448,384
195,195,195.png,29A-009.27,1102,933,1287,1007
196,196,196.png,30A-055.84,212,322,341,367
197,197,197.png,29A 0059,1248,931,1436,1004
198,198,198.png,30A-015.43,279,313,410,364
199,199,199.png,29A 0459,1181,943,1371,1017
200,200,200.png,30A-611.73,213,291,343,341
201,201,201.png,20A-050.94,1165,953,1359,1033
202,202,202.png,29A-150.95,1251,951,1447,1029
203,203,203.png,30A-005.44,1365,958,1563,1040
204,204,204.png,30A-000.94,1406,986,1607,1072
205,205,205.png,29A-100.70,1388,1013,1598,1099
206,206,206.png,30A-002.75,1493,1030,1701,1122
207,207,207.png,30G-110.90,1556,1014,1767,1106
208,208,208.png,30A-100.74,1597,1047,1818,1143
209,209,209.png,30G-000.90,1910,1076,2136,1174
210,210,210.png,30A-606.36,232,208,332,239
211,211,211.png,29A-092.10,176,205,275,238
212,212,212.png,29A-222.82,522,437,573,474
213,213,213.png,30A-216.80,507,404,555,442
214,214,214.png,30A-201.14,533,390,582,427
215,215,215.png,30A-201.20,523,388,570,423
216,216,216.png,30A-520.29,480,365,526,399
217,217,217.png,30A-065.19,500,287,616,333
218,218,218.png,39A-095.13,507,289,643,340
219,219,219.png,30A-005.16,504,288,637,337
220,220,220.png,30A-075.11,521,289,655,335
221,221,221.png,30A-075.10,518,288,656,337
222,222,222.png,30A-075.27,493,290,630,344
223,223,223.png,30A-022.19,656,340,737,392
224,224,224.png,99A-097.10,671,344,818,398
225,225,225.png,31A-075.10,690,341,841,405
226,226,226.png,30A-159.76,689,347,843,412
227,227,227.png,30A-665.36,696,359,847,420
228,228,228.png,30A-051.96,794,419,958,483
229,229,229.png,30A-059.96,811,425,976,500
230,230,230.png,30A-051.96,792,422,956,494
231,231,231.png,30A-051.96,814,433,980,506
232,232,232.png,30A-051.90,848,440,1021,509
233,233,233.png,30A-051.90,1007,458,1133,537
234,234,234.png,30A-652.99,1078,461,1144,545
235,235,235.png,29A-095.99,339,339,410,361
236,236,236.png,29A-095.99,355,337,429,361
237,237,237.png,29A 0559,367,344,438,370
238,238,238.png,29A-095.99,377,333,450,358
239,239,239.png,29A 0553,415,355,489,379
240,240,240.png,29A-055.95,404,364,477,389
241,241,241.png,29A-095.95,399,355,471,381
242,242,242.png,29A 0559,392,364,467,390
243,243,243.png,29A 0559,390,369,462,395
244,244,244.png,29A-095.95,405,371,478,398
245,245,245.png,59A-055.95,422,376,480,398
246,246,246.png,29A-058.95,403,383,477,412
247,247,247.png,29A-058.95,410,382,487,410
248,248,248.png,29A-050.95,419,381,497,410
249,249,249.png,29A-458.85,455,385,535,412
250,250,250.png,29A-055.95,408,391,486,420
251,251,251.png,30A-058.55,448,388,526,417
252,252,252.png,29A-055.95,454,391,533,419
253,253,253.png,29A-055.95,454,392,536,421
254,254,254.png,29A-055.15,463,391,546,420
255,255,255.png,29A-055.90,471,394,554,421
256,256,256.png,29A-055.15,478,402,562,430
257,257,257.png,29A-455.95,481,402,563,430
258,258,258.png,29A-052.95,461,391,544,419
259,259,259.png,29A-055.15,494,407,578,435
260,260,260.png,29A-455.95,504,413,587,441
261,261,261.png,29A-455.25,501,412,584,441
262,262,262.png,30A-058.55,475,409,558,437
263,263,263.png,30A 5011,462,375,510,413
264,264,264.png,30A 0229,504,372,552,409
265,265,265.png,59A-055.15,587,423,641,449
266,266,266.png,30A-522.72,306,361,355,404
267,267,267.png,30A 5087,401,372,450,410
268,268,268.png,59A-055.15,560,427,645,457
269,269,269.png,30A 8921,451,360,499,397
270,270,270.png,30A 5017,405,376,447,411
271,271,271.png,30A 5959,387,358,430,392
272,272,272.png,30A 5007,382,349,425,381
273,273,273.png,30A 5053,368,351,411,383
274,274,274.png,30A 5907,323,341,368,373
275,275,275.png,30A-500.73,321,346,366,381
276,276,276.png,51A 0559,567,455,657,487
277,277,277.png,59A 0501,274,465,365,498
278,278,278.png,50A-052.15,471,457,562,490
279,279,279.png,30A-205.76,212,323,257,357
280,280,280.png,30A 0059,568,464,659,495
281,281,281.png,59A-055.95,635,465,727,497
282,282,282.png,59A-055.95,648,466,740,497
283,283,283.png,59A-055.95,601,469,693,502
284,284,284.png,51G-052.85,631,477,723,510
285,285,285.png,30A-052.85,635,489,729,523
286,286,286.png,29A-055.95,604,537,698,570
287,287,287.png,29A-055.99,542,538,637,573
288,288,288.png,29A-655.93,589,548,685,583
289,289,289.png,29A-055.93,702,552,800,589
290,290,290.png,59A-055.93,723,543,823,578
291,291,291.png,51H-055.95,723,544,823,579
292,292,292.png,29A-055.95,712,547,812,582
293,293,293.png,29A-055.93,740,552,841,587
294,294,294.png,29A-655.95,735,554,837,589
295,295,295.png,29A-055.95,706,558,807,595
296,296,296.png,59A-055.95,747,565,849,600
297,297,297.png,59A-655.93,722,575,826,611
298,298,298.png,29A-055.95,754,576,857,613
299,299,299.png,59A 0559,774,586,881,622
300,300,300.png,59A-055.95,648,593,754,631
301,301,301.png,59A-055.75,571,589,679,630
302,302,302.png,30A-455.35,601,597,709,635
303,303,303.png,59A-052.25,646,605,755,645
304,304,304.png,59A-055.95,864,621,974,663
305,305,305.png,51A-655.95,827,624,937,662
306,306,306.png,59A 6559,866,622,976,663
307,307,307.png,51A-655.85,897,628,1010,670
308,308,308.png,59A-655.95,933,631,1046,674
309,309,309.png,59A-155.95,942,635,1055,680
310,310,310.png,59A-055.95,977,641,1092,684
311,311,311.png,51A-655.95,964,655,1079,701
312,312,312.png,59A-655.95,985,653,1101,698
313,313,313.png,59A-055.95,995,659,1111,703
314,314,314.png,29A-655.95,1021,672,1138,718
315,315,315.png,30A-655.95,1053,681,1171,727
316,316,316.png,69A-655.95,1067,689,1187,735
317,317,317.png,29A-655.95,1077,691,1195,738
318,318,318.png,51A-605.95,1130,696,1251,745
319,319,319.png,31A-605.95,1152,706,1276,755
320,320,320.png,61A-605.95,1174,713,1297,762
321,321,321.png,61A-058.95,1113,718,1236,769
322,322,322.png,61A-008.95,1149,728,1274,780
323,323,323.png,61A-056.95,1169,737,1296,790
324,324,324.png,51A-606.13,1226,768,1354,822
325,325,325.png,51A-605.13,1230,775,1360,829
326,326,326.png,29A-655.45,1356,847,1494,907
327,327,327.png,29A-052.15,1409,852,1548,913
328,328,328.png,29A-654.15,1474,853,1615,913
329,329,329.png,29A-654.89,1589,870,1732,933
330,330,330.png,29A-605.80,1801,888,1955,953
331,331,331.png,29A-151.80,1766,923,1822,990
332,332,332.png,30G-519.16,330,259,434,296
333,333,333.png,30A-070.16,320,252,432,290
334,334,334.png,30G-579.16,314,256,426,292
335,335,335.png,30A-070.16,317,256,429,296
336,336,336.png,30G-574.86,323,261,435,302
337,337,337.png,30G-574.83,330,262,443,303
338,338,338.png,30G-074.13,332,261,446,304
339,339,339.png,30G-504.83,339,266,452,309
340,340,340.png,30G-504.83,356,269,471,313
341,341,341.png,30G-574.83,354,271,472,316
342,342,342.png,30G-174.85,355,273,471,318
343,343,343.png,30A-574.87,357,269,476,316
344,344,344.png,30A-405.06,977,390,1074,438
345,345,345.png,30A-104.83,363,269,481,316
346,346,346.png,30A-450.07,944,394,1077,446
347,347,347.png,30A-104.85,375,273,494,319
348,348,348.png,30A-402.07,963,402,1095,453
349,349,349.png,30A-004.13,379,272,500,319
350,350,350.png,30G-515.07,940,414,1072,468
351,351,351.png,30G-104.85,378,274,499,321
352,352,352.png,30A-155.96,945,423,1079,475
353,353,353.png,30G-104.85,387,284,509,331
354,354,354.png,30G-150.06,975,417,1110,475
355,355,355.png,30G-504.85,396,286,519,332
356,356,356.png,30A-155.06,1058,418,1192,476
357,357,357.png,51F-509.90,0,171,119,190
358,358,358.png,30A-574.85,407,285,531,332
359,359,359.png,30A-055.06,1052,426,1188,484
360,360,360.png,51F 4698,0,166,78,188
361,361,361.png,30G-174.85,405,283,528,333
362,362,362.png,30A-059.16,1146,430,1283,488
363,363,363.png,30G-574.80,417,283,542,334
364,364,364.png,30A-029.95,1257,432,1394,489
365,365,365.png,51F-500.90,0,152,67,183
366,366,366.png,30G-104.13,422,287,548,337
367,367,367.png,30A-300.96,1264,428,1400,493
368,368,368.png,30A-104.10,426,297,555,345
369,369,369.png,30A-302.97,1261,443,1399,497
370,370,370.png,30G-514.83,444,295,575,347
371,371,371.png,30A-055.67,1258,446,1396,512
372,372,372.png,30A-174.13,457,296,590,349
373,373,373.png,30G-114.15,458,305,590,360
374,374,374.png,30G-104.13,468,308,603,364
375,375,375.png,30G-104.13,471,313,605,367
376,376,376.png,30G-114.85,470,322,604,376
377,377,377.png,30A-195.15,291,91,360,127
378,378,378.png,30A-114.15,492,324,630,379
379,379,379.png,30A-114.15,494,332,634,386
380,380,380.png,30G-514.15,492,338,632,393
381,381,381.png,30G-119.15,510,335,652,386
382,382,382.png,30A-170.15,515,341,656,397
383,383,383.png,30A-114.15,526,346,668,404
384,384,384.png,30A-175.15,538,351,682,407
385,385,385.png,30F-106.12,76,120,120,161
386,386,386.png,30A-175.15,543,357,688,416
387,387,387.png,30A-110.15,550,361,696,419
388,388,388.png,30G-179.15,571,358,720,414
389,389,389.png,30A-014.13,602,366,751,424
390,390,390.png,30A-010.13,601,374,752,430
391,391,391.png,30A-114.15,607,375,759,436
392,392,392.png,30A-004.15,612,380,764,442
393,393,393.png,30A-174.15,631,385,785,450
394,394,394.png,30A-070.15,645,386,800,448
395,395,395.png,30A-109.10,656,391,814,453
396,396,396.png,20A-500.15,660,397,820,460
397,397,397.png,30A-100.15,675,404,832,469
398,398,398.png,20A-100.95,685,410,845,478
399,399,399.png,30A-150.90,702,415,866,481
400,400,400.png,20A-110.97,717,422,882,489
401,401,401.png,20A-010.95,734,428,901,498
402,402,402.png,30A-050.77,743,439,911,509
403,403,403.png,30A-615.19,811,365,978,420
404,404,404.png,30A-010.97,764,442,934,515
405,405,405.png,20A-510.90,772,449,940,519
406,406,406.png,30A-510.17,792,450,962,522
407,407,407.png,30A-510.15,810,459,981,530
408,408,408.png,30A-510.10,838,465,1012,538
409,409,409.png,30A-015.29,1039,560,1097,619
410,410,410.png,30A-015.15,848,473,1024,545
411,411,411.png,30A-115.76,1035,548,1092,606
412,412,412.png,30A-010.17,868,477,1044,551
413,413,413.png,30A-015.79,1039,548,1095,605
414,414,414.png,30A-510.17,889,482,1070,559
415,415,415.png,30A-015.29,977,534,1035,591
416,416,416.png,30A-015.15,919,492,1101,567
417,417,417.png,30A-015.16,684,275,806,318
418,418,418.png,30A-015.14,1024,473,1085,530
419,419,419.png,20A-015.15,946,502,1131,579
420,420,420.png,29A-000.15,1044,427,1101,484
421,421,421.png,29A-650.95,960,514,1143,594
422,422,422.png,29A-050.95,974,524,1157,602
423,423,423.png,29A-050.90,999,537,1186,614
424,424,424.png,29A-004.90,1031,541,1224,623
425,425,425.png,29A-015.97,1058,552,1250,633
426,426,426.png,29A-035.97,1095,577,1288,653
427,427,427.png,29A-030.97,1121,582,1316,661
428,428,428.png,29A-022.95,1154,585,1351,672
429,429,429.png,51F-504.20,144,104,207,127
430,430,430.png,30A-000.05,1192,585,1394,678
431,431,431.png,30A-030.90,1218,596,1419,691
432,432,432.png,30A-601.25,161,113,224,135
433,433,433.png,30F-004.05,1258,608,1463,705
434,434,434.png,30A-115.25,156,113,221,136
435,435,435.png,30A-000.95,1295,617,1500,721
436,436,436.png,30A-511.24,164,111,229,134
437,437,437.png,29A-005.90,1340,632,1548,739
438,438,438.png,51A-511.19,175,111,240,133
439,439,439.png,30A-030.85,1385,654,1592,762
440,440,440.png,51A-511.15,173,113,238,135
441,441,441.png,29A-050.85,1416,669,1624,775
442,442,442.png,30A-541.91,168,112,233,135
443,443,443.png,20A-050.95,1465,677,1677,788
444,444,444.png,31A-511.93,185,112,250,134
445,445,445.png,29A-050.85,1525,693,1737,806
446,446,446.png,51A-511.94,169,113,234,136
447,447,447.png,29A-000.85,1589,711,1802,827
448,448,448.png,39F-618.95,179,118,243,140
449,449,449.png,20A-205.35,1632,729,1765,849
450,450,450.png,39A-511.95,175,119,240,140
451,451,451.png,30A-205.33,1686,741,1734,873
452,452,452.png,30F-518.95,174,118,240,139
453,453,453.png,30F-511.95,178,117,243,138
454,454,454.png,30F-511.95,172,119,237,140
455,455,455.png,30F-611.15,162,120,227,143
456,456,456.png,29A-115.95,574,390,622,428
457,457,457.png,30F-511.93,184,117,249,139
458,458,458.png,30F-511.95,160,119,225,141
459,459,459.png,30A-911.95,177,119,242,141
460,460,460.png,29A-111.95,153,117,218,140
461,461,461.png,29A-911.95,165,117,230,139
462,462,462.png,89A-015.19,509,348,554,386
463,463,463.png,39A-311.95,164,122,230,143
464,464,464.png,29A-111.90,134,120,198,140
465,465,465.png,89A-150.10,482,339,524,373
466,466,466.png,29A-016.09,474,342,519,380
467,467,467.png,51F-540.91,174,115,210,141
468,468,468.png,51F-506.25,165,118,227,140
469,469,469.png,30F-101.25,165,119,232,142
470,470,470.png,30F-111.95,167,122,238,143
471,471,471.png,30F-511.25,164,126,234,147
472,472,472.png,30F-111.15,146,124,215,145
473,473,473.png,51F-391.94,212,122,280,144
474,474,474.png,29A-014.09,356,283,392,314
475,475,475.png,30A-651.97,166,120,233,144
476,476,476.png,30F-111.95,175,121,242,143
477,477,477.png,30A-111.95,171,122,239,143
478,478,478.png,30F-911.17,176,122,245,143
479,479,479.png,30F-111.25,167,119,235,141
480,480,480.png,30F-911.17,160,120,230,142
481,481,481.png,30F-211.95,170,125,240,145
482,482,482.png,30A-111.95,170,124,238,146
483,483,483.png,30F-011.93,172,117,239,141
484,484,484.png,30F-011.13,168,118,236,142
485,485,485.png,30F-811.25,170,118,239,142
486,486,486.png,30F-011.97,178,118,246,140
487,487,487.png,30F-011.95,178,118,248,140
488,488,488.png,30F-011.95,175,119,245,141
489,489,489.png,30F-011.95,171,118,240,141
490,490,490.png,30F-111.95,179,120,247,143
491,491,491.png,30A-111.96,188,123,259,146
492,492,492.png,30A-911.95,189,123,258,147
493,493,493.png,30A-221.95,183,122,252,145
494,494,494.png,30A-821.95,177,129,246,152
495,495,495.png,29A-111.95,181,118,250,143
496,496,496.png,51F-171.95,176,118,245,141
497,497,497.png,51A-052.07,109,118,180,137
498,498,498.png,51A-192.17,175,128,244,150
499,499,499.png,51A-916.10,174,131,243,151
500,500,500.png,51F-116.10,171,130,239,152
501,501,501.png,51F-111.15,166,127,235,149
502,502,502.png,51F-916.90,166,131,234,154
503,503,503.png,51F-101.25,166,127,236,149
504,504,504.png,51A-011.74,170,143,240,165
505,505,505.png,51F-610.10,168,133,235,156
506,506,506.png,51A-110.15,173,136,240,159
507,507,507.png,51F-110.90,183,138,250,161
508,508,508.png,51A-914.15,183,135,250,158
509,509,509.png,30A-111.75,193,134,260,157
510,510,510.png,30A-911.10,203,131,272,152
511,511,511.png,30F-111.95,198,128,267,151
512,512,512.png,51F-111.90,197,128,268,150
513,513,513.png,30A-611.75,192,132,259,155
514,514,514.png,30A-111.15,219,133,286,156
515,515,515.png,51A-911.15,184,125,252,148
516,516,516.png,51A-911.95,186,125,252,148
517,517,517.png,51A-111.95,170,124,237,148
518,518,518.png,51A-911.94,156,128,224,151
519,519,519.png,51A-910.95,144,127,211,150
520,520,520.png,29A-156.93,152,131,219,156
521,521,521.png,51F-401.99,225,137,290,162
522,522,522.png,51F-100.99,254,146,298,169
523,523,523.png,30F-951.91,168,143,237,164
524,524,524.png,30F-951.95,143,139,211,162
525,525,525.png,30A-911.97,146,129,215,154
526,526,526.png,51A-911.25,147,122,215,146
527,527,527.png,30A-041.98,162,132,194,158
528,528,528.png,30F-051.94,209,138,277,159
529,529,529.png,30F-501.95,208,138,278,161
530,530,530.png,30F-031.95,192,135,261,157
531,531,531.png,51A-001.13,174,132,233,156
532,532,532.png,30A-301.94,125,122,195,145
533,533,533.png,30A-301.20,77,89,145,116
534,534,534.png,30A-311.97,110,107,179,129
535,535,535.png,30A-311.27,130,125,198,149
536,536,536.png,30A-311.90,159,127,211,151
537,537,537.png,30A-111.95,170,130,239,154
538,538,538.png,30A-911.93,182,129,252,151
539,539,539.png,30A-111.25,174,131,245,154
540,540,540.png,30A-111.95,173,128,242,151
541,541,541.png,30A-111.93,171,128,241,150
542,542,542.png,30A-111.97,176,130,245,152
543,543,543.png,31A-111.93,189,129,259,151
544,544,544.png,30A-911.96,180,128,249,151
545,545,545.png,30A-911.95,168,128,237,150
546,546,546.png,30A-111.93,156,125,224,148
547,547,547.png,30A-011.95,176,125,245,148
548,548,548.png,30A-151.25,122,122,190,145
549,549,549.png,30A-011.95,154,124,222,149
550,550,550.png,30A-601.93,187,121,256,149
551,551,551.png,30A-018.27,75,85,143,109
552,552,552.png,30A-311.10,129,119,197,143
553,553,553.png,39A-911.96,160,123,230,147
554,554,554.png,51A-156.97,116,100,187,124
555,555,555.png,31A-116.15,153,108,220,130
556,556,556.png,51A-318.17,115,90,184,112
557,557,557.png,30A-118.95,110,88,177,113
558,558,558.png,51A-156.97,117,88,186,112
559,559,559.png,51A-018.04,101,70,168,92
560,560,560.png,30A-015.94,104,80,174,104
561,561,561.png,30A-111.90,100,86,169,110
